TweetID,TweetText,Impressions,Likes,Retweets,Replies,URLClicks,ProfileClicks,HashtagClicks,MediaEngagements,MediaViews,AppOpens,TweetDate,TweetTime,TweetCategory
T1,Sample tweet text number 1 with some random content.,910,108,219,88,11,115,178,504,1721,67,25-05-2020,19:57,Links
T2,Sample tweet text number 2 with some random content.,3822,180,74,72,19,190,124,293,470,14,21-04-2020,14:06,Hashtags
T3,Sample tweet text number 3 with some random content.,3142,41,3,67,180,61,166,795,217,98,03-08-2020,07:19,Media
T4,Sample tweet text number 4 with some random content.,516,185,133,13,42,6,85,276,1948,36,18-01-2020,05:17,Hashtags
T5,Sample tweet text number 5 with some random content.,4476,422,117,97,125,154,75,437,928,0,05-09-2020,10:18,Hashtags
T6,Sample tweet text number 6 with some random content.,3494,397,93,10,49,91,87,106,1851,66,05-12-2020,12:07,Links
T7,Sample tweet text number 7 with some random content.,3221,222,61,55,28,13,167,657,1752,23,05-08-2020,10:00,Media
T8,Sample tweet text number 8 with some random content.,2969,121,193,66,184,198,37,419,631,26,29-03-2020,16:52,Hashtags
T9,Sample tweet text number 9 with some random content.,180,132,202,91,38,85,187,610,950,39,05-12-2020,11:32,Links
T10,Sample tweet text number 10 with some random content.,1735,162,25,28,183,132,58,428,905,62,27-10-2020,19:11,Media
T11,Sample tweet text number 11 with some random content.,819,214,172,8,170,182,137,374,174,60,29-02-2020,07:13,Media
T12,Sample tweet text number 12 with some random content.,2441,220,299,66,177,129,98,72,22,35,27-07-2020,17:37,Hashtags
T13,Sample tweet text number 13 with some random content.,2483,234,132,24,150,61,191,948,1748,97,10-06-2020,20:18,Media
T14,Sample tweet text number 14 with some random content.,1234,330,117,97,171,148,62,997,1940,92,05-12-2020,00:37,Hashtags
T15,Sample tweet text number 15 with some random content.,4605,145,274,75,37,78,48,633,234,23,18-11-2020,22:18,Media
T16,Sample tweet text number 16 with some random content.,3435,238,211,41,83,148,191,29,1036,23,22-10-2020,10:03,Links
T17,Sample tweet text number 17 with some random content.,4167,75,224,8,150,137,31,187,1124,3,29-12-2020,12:25,Hashtags
T18,Sample tweet text number 18 with some random content.,4893,8,19,78,127,57,134,363,928,66,16-11-2020,08:22,Hashtags
T19,Sample tweet text number 19 with some random content.,2954,73,112,39,125,119,20,865,1559,33,01-04-2020,13:48,Media
T20,Sample tweet text number 20 with some random content.,524,441,139,24,44,166,19,799,1899,56,20-03-2020,02:36,Media
T21,Sample tweet text number 21 with some random content.,1132,491,46,4,51,132,153,450,522,48,25-06-2020,15:07,Hashtags
T22,Sample tweet text number 22 with some random content.,2608,400,0,10,79,64,126,194,1808,86,14-09-2020,09:44,Media
T23,Sample tweet text number 23 with some random content.,2097,252,89,58,177,12,67,155,1475,52,20-10-2020,02:03,Links
T24,Sample tweet text number 24 with some random content.,2797,229,141,97,123,180,109,171,430,22,28-04-2020,17:58,Media
T25,Sample tweet text number 25 with some random content.,1025,6,37,87,118,81,115,846,792,68,01-04-2020,03:30,Links
T26,Sample tweet text number 26 with some random content.,1856,173,292,78,7,172,142,40,1629,94,24-03-2020,08:33,Links
T27,Sample tweet text number 27 with some random content.,239,140,138,37,84,159,119,62,1736,52,21-08-2020,23:32,Links
T28,Sample tweet text number 28 with some random content.,2784,167,258,71,128,163,78,22,532,61,26-03-2020,12:50,Links
T29,Sample tweet text number 29 with some random content.,3055,169,160,4,7,187,115,359,1875,40,17-06-2020,02:46,Links
T30,Sample tweet text number 30 with some random content.,4708,392,177,47,156,138,91,74,978,56,30-07-2020,02:44,Media
T31,Sample tweet text number 31 with some random content.,1949,433,9,89,95,190,13,559,1746,59,26-09-2020,07:31,Links
T32,Sample tweet text number 32 with some random content.,1317,282,260,17,101,148,154,671,1675,53,30-08-2020,07:37,Media
T33,Sample tweet text number 33 with some random content.,1578,121,137,69,4,51,124,824,1316,69,20-01-2020,17:39,Links
T34,Sample tweet text number 34 with some random content.,3252,193,171,36,85,182,167,117,809,56,16-04-2020,18:59,Hashtags
T35,Sample tweet text number 35 with some random content.,3606,4,12,59,174,116,57,611,912,9,13-01-2020,10:28,Links
T36,Sample tweet text number 36 with some random content.,3940,28,167,47,33,25,27,379,1124,39,24-04-2020,15:08,Hashtags
T37,Sample tweet text number 37 with some random content.,696,164,129,76,192,195,25,928,1525,6,26-08-2020,13:21,Links
T38,Sample tweet text number 38 with some random content.,2938,421,83,27,54,33,112,919,1327,37,10-04-2020,22:18,Links
T39,Sample tweet text number 39 with some random content.,2485,338,100,68,118,51,190,678,870,84,14-12-2020,06:46,Links
T40,Sample tweet text number 40 with some random content.,650,135,272,76,170,111,65,289,539,60,25-06-2020,17:08,Hashtags
T41,Sample tweet text number 41 with some random content.,2413,495,264,80,157,81,152,439,1023,83,13-03-2020,06:32,Hashtags
T42,Sample tweet text number 42 with some random content.,2111,364,37,39,113,179,130,667,1576,2,15-08-2020,05:21,Links
T43,Sample tweet text number 43 with some random content.,291,320,93,44,144,156,199,932,1378,50,07-06-2020,10:15,Media
T44,Sample tweet text number 44 with some random content.,2091,341,94,95,25,165,43,6,1326,85,30-06-2020,21:04,Links
T45,Sample tweet text number 45 with some random content.,2874,499,68,61,135,41,96,195,1519,46,07-03-2020,20:08,Hashtags
T46,Sample tweet text number 46 with some random content.,2662,144,235,92,46,20,41,420,1681,67,14-06-2020,21:02,Links
T47,Sample tweet text number 47 with some random content.,1413,326,136,57,112,41,5,567,1791,91,06-03-2020,04:24,Hashtags
T48,Sample tweet text number 48 with some random content.,1528,216,75,66,75,140,166,832,1997,75,26-11-2020,09:02,Hashtags
T49,Sample tweet text number 49 with some random content.,2606,300,34,55,71,112,179,192,226,37,12-11-2020,07:37,Hashtags
T50,Sample tweet text number 50 with some random content.,825,131,0,39,88,104,22,558,1259,35,25-09-2020,13:07,Links
T51,Sample tweet text number 51 with some random content.,4064,291,295,97,45,191,88,147,872,40,01-01-2020,08:34,Hashtags
T52,Sample tweet text number 52 with some random content.,84,69,59,39,195,16,122,786,891,68,15-07-2020,05:51,Hashtags
T53,Sample tweet text number 53 with some random content.,3202,251,266,90,32,119,177,668,1478,12,24-09-2020,05:47,Links
T54,Sample tweet text number 54 with some random content.,2005,414,228,76,0,136,170,201,1036,86,28-06-2020,08:49,Hashtags
T55,Sample tweet text number 55 with some random content.,1635,274,269,32,146,168,146,443,209,57,17-06-2020,02:11,Links
T56,Sample tweet text number 56 with some random content.,3993,444,285,5,30,128,196,913,740,49,08-05-2020,18:30,Hashtags
T57,Sample tweet text number 57 with some random content.,3123,363,290,87,141,129,50,987,396,29,28-03-2020,18:54,Media
T58,Sample tweet text number 58 with some random content.,1071,181,212,18,52,59,10,418,1123,61,28-09-2020,15:05,Media
T59,Sample tweet text number 59 with some random content.,3511,166,164,79,47,47,11,426,30,24,23-10-2020,08:32,Hashtags
T60,Sample tweet text number 60 with some random content.,2663,90,4,39,68,28,73,478,897,26,21-11-2020,18:36,Media
T61,Sample tweet text number 61 with some random content.,3893,201,77,91,104,96,7,474,1551,50,27-09-2020,12:33,Links
T62,Sample tweet text number 62 with some random content.,1550,345,61,96,89,9,151,125,648,77,08-04-2020,02:53,Media
T63,Sample tweet text number 63 with some random content.,4848,18,131,58,189,57,40,394,328,56,28-09-2020,18:00,Hashtags
T64,Sample tweet text number 64 with some random content.,211,38,88,58,193,187,163,816,1189,46,16-11-2020,14:57,Hashtags
T65,Sample tweet text number 65 with some random content.,4347,125,236,47,191,20,84,880,1482,99,10-09-2020,12:28,Links
T66,Sample tweet text number 66 with some random content.,2031,450,41,40,197,27,71,805,1845,38,19-05-2020,16:03,Hashtags
T67,Sample tweet text number 67 with some random content.,1045,172,88,12,62,33,54,575,951,15,12-06-2020,02:27,Links
T68,Sample tweet text number 68 with some random content.,4961,140,295,44,72,7,136,324,1123,21,27-05-2020,11:24,Media
T69,Sample tweet text number 69 with some random content.,3392,241,294,88,160,186,46,391,620,84,04-10-2020,03:37,Media
T70,Sample tweet text number 70 with some random content.,4601,219,103,52,168,199,142,929,1878,53,04-11-2020,22:52,Links
T71,Sample tweet text number 71 with some random content.,3848,125,13,41,88,176,175,687,1196,20,21-03-2020,15:12,Links
T72,Sample tweet text number 72 with some random content.,1325,57,287,99,175,78,103,627,1772,71,26-11-2020,21:00,Hashtags
T73,Sample tweet text number 73 with some random content.,1066,147,178,62,12,144,41,439,161,15,05-12-2020,03:14,Media
T74,Sample tweet text number 74 with some random content.,387,475,124,26,72,187,59,203,1928,58,11-07-2020,03:04,Links
T75,Sample tweet text number 75 with some random content.,928,455,22,37,76,86,197,485,1751,30,23-05-2020,03:14,Media
T76,Sample tweet text number 76 with some random content.,1126,316,62,59,158,87,11,832,775,41,13-05-2020,23:14,Links
T77,Sample tweet text number 77 with some random content.,4937,382,142,6,67,172,129,30,1286,73,16-04-2020,17:09,Media
T78,Sample tweet text number 78 with some random content.,4043,360,152,4,97,68,6,387,1827,31,03-03-2020,20:46,Hashtags
T79,Sample tweet text number 79 with some random content.,4909,422,144,44,124,159,79,624,273,58,04-09-2020,09:29,Media
T80,Sample tweet text number 80 with some random content.,429,0,224,57,101,171,130,876,1026,33,19-03-2020,21:49,Media
T81,Sample tweet text number 81 with some random content.,542,386,103,30,131,192,108,433,1051,8,22-10-2020,03:12,Media
T82,Sample tweet text number 82 with some random content.,2112,460,103,22,101,86,2,836,325,80,18-02-2020,11:07,Media
T83,Sample tweet text number 83 with some random content.,3934,347,38,41,18,100,26,925,939,10,17-05-2020,07:40,Media
T84,Sample tweet text number 84 with some random content.,114,189,197,9,197,7,113,375,1172,95,13-10-2020,16:35,Hashtags
T85,Sample tweet text number 85 with some random content.,2618,190,133,31,81,76,106,343,539,9,28-02-2020,17:59,Links
T86,Sample tweet text number 86 with some random content.,2077,368,66,52,140,199,39,442,487,85,16-10-2020,05:11,Media
T87,Sample tweet text number 87 with some random content.,2745,408,178,29,22,86,160,578,821,16,16-08-2020,11:59,Hashtags
T88,Sample tweet text number 88 with some random content.,1545,311,41,38,82,42,128,74,1461,67,20-07-2020,13:57,Media
T89,Sample tweet text number 89 with some random content.,441,416,14,30,108,128,7,556,1088,47,03-02-2020,11:33,Media
T90,Sample tweet text number 90 with some random content.,4564,421,110,81,74,108,100,771,355,51,28-08-2020,10:42,Links
T91,Sample tweet text number 91 with some random content.,4524,116,156,99,128,178,159,665,1556,24,28-09-2020,20:45,Media
T92,Sample tweet text number 92 with some random content.,3611,133,288,1,87,151,123,154,1275,20,11-04-2020,18:02,Hashtags
T93,Sample tweet text number 93 with some random content.,2328,57,230,77,53,151,175,429,234,64,29-02-2020,23:53,Hashtags
T94,Sample tweet text number 94 with some random content.,3149,43,156,76,198,16,106,362,226,62,12-12-2020,11:42,Links
T95,Sample tweet text number 95 with some random content.,250,172,37,92,88,132,100,447,1548,88,08-07-2020,20:43,Media
T96,Sample tweet text number 96 with some random content.,4925,159,96,11,142,147,3,986,1336,50,02-10-2020,08:48,Hashtags
T97,Sample tweet text number 97 with some random content.,3154,172,288,38,64,20,197,233,48,35,27-01-2020,02:07,Media
T98,Sample tweet text number 98 with some random content.,4648,316,253,65,75,57,109,562,117,80,14-03-2020,11:29,Media
T99,Sample tweet text number 99 with some random content.,2504,302,195,95,198,158,18,817,53,87,29-08-2020,21:38,Media
T100,Sample tweet text number 100 with some random content.,3695,148,85,12,142,109,31,261,1673,65,29-11-2020,00:47,Links
T101,Sample tweet text number 101 with some random content.,854,79,9,45,148,138,136,826,564,14,08-01-2020,13:04,Media
T102,Sample tweet text number 102 with some random content.,2781,373,4,26,146,179,11,124,1067,95,14-08-2020,11:58,Hashtags
T103,Sample tweet text number 103 with some random content.,2823,212,122,16,59,142,138,910,1838,38,30-10-2020,16:03,Media
T104,Sample tweet text number 104 with some random content.,1620,202,117,94,92,134,45,244,52,69,08-02-2020,03:19,Hashtags
T105,Sample tweet text number 105 with some random content.,2740,251,293,97,160,27,118,541,1609,0,14-12-2020,15:33,Media
T106,Sample tweet text number 106 with some random content.,3890,228,158,59,48,50,15,937,557,22,18-03-2020,06:13,Hashtags
T107,Sample tweet text number 107 with some random content.,1078,163,227,63,34,185,128,484,1548,38,25-02-2020,19:38,Hashtags
T108,Sample tweet text number 108 with some random content.,552,226,215,87,171,4,62,121,1700,56,01-05-2020,10:22,Media
T109,Sample tweet text number 109 with some random content.,4543,146,183,34,101,4,108,124,1125,80,25-06-2020,04:26,Media
T110,Sample tweet text number 110 with some random content.,920,19,14,69,10,93,118,548,1815,33,22-02-2020,18:25,Hashtags
T111,Sample tweet text number 111 with some random content.,4538,440,156,82,98,95,20,169,1793,40,12-03-2020,18:51,Links
T112,Sample tweet text number 112 with some random content.,256,401,135,29,199,7,157,123,1872,92,08-01-2020,19:25,Media
T113,Sample tweet text number 113 with some random content.,1534,46,260,70,109,63,12,868,867,72,29-01-2020,00:53,Links
T114,Sample tweet text number 114 with some random content.,913,232,156,73,73,137,161,34,397,12,19-04-2020,15:29,Media
T115,Sample tweet text number 115 with some random content.,2840,304,46,95,193,37,3,86,1161,69,08-05-2020,19:52,Media
T116,Sample tweet text number 116 with some random content.,613,13,172,97,173,110,155,645,674,5,24-01-2020,18:37,Media
T117,Sample tweet text number 117 with some random content.,4241,142,129,62,8,111,101,707,1944,83,16-10-2020,14:26,Media
T118,Sample tweet text number 118 with some random content.,1807,414,94,27,2,80,58,785,386,51,27-02-2020,08:22,Links
T119,Sample tweet text number 119 with some random content.,1728,0,114,59,84,135,127,200,110,2,23-07-2020,10:50,Media
T120,Sample tweet text number 120 with some random content.,3292,372,242,78,25,103,26,368,613,80,20-06-2020,21:57,Hashtags
T121,Sample tweet text number 121 with some random content.,4686,53,291,93,71,152,68,796,16,62,23-02-2020,21:01,Hashtags
T122,Sample tweet text number 122 with some random content.,1109,373,281,36,47,72,24,76,1803,48,09-01-2020,22:55,Links
T123,Sample tweet text number 123 with some random content.,1772,258,298,92,193,193,130,58,1205,75,13-10-2020,22:46,Media
T124,Sample tweet text number 124 with some random content.,3364,143,282,21,197,177,96,430,883,46,18-12-2020,22:25,Hashtags
T125,Sample tweet text number 125 with some random content.,3207,470,68,67,155,194,195,637,1559,54,07-06-2020,21:03,Links
T126,Sample tweet text number 126 with some random content.,2675,440,147,19,116,48,24,499,540,63,04-03-2020,09:32,Media
T127,Sample tweet text number 127 with some random content.,2779,458,10,95,153,35,147,912,170,64,09-02-2020,09:31,Hashtags
T128,Sample tweet text number 128 with some random content.,1647,11,253,99,152,125,161,108,408,80,23-07-2020,16:36,Hashtags
T129,Sample tweet text number 129 with some random content.,3110,329,37,67,11,67,153,735,739,66,27-11-2020,13:21,Links
T130,Sample tweet text number 130 with some random content.,2743,223,133,90,132,77,125,277,1401,89,21-03-2020,18:22,Media
T131,Sample tweet text number 131 with some random content.,4941,271,199,63,47,104,132,67,1211,14,29-04-2020,02:02,Media
T132,Sample tweet text number 132 with some random content.,3677,455,22,16,36,168,188,68,857,99,13-04-2020,00:53,Hashtags
T133,Sample tweet text number 133 with some random content.,1413,357,217,11,43,121,8,164,229,31,15-10-2020,14:21,Hashtags
T134,Sample tweet text number 134 with some random content.,2031,459,140,21,14,118,115,488,1856,95,15-04-2020,16:23,Hashtags
T135,Sample tweet text number 135 with some random content.,1713,407,103,16,42,189,177,304,1875,67,19-01-2020,22:34,Media
T136,Sample tweet text number 136 with some random content.,1579,155,209,9,175,113,133,908,118,17,11-07-2020,20:14,Links
T137,Sample tweet text number 137 with some random content.,2088,372,110,64,86,9,59,673,1179,82,21-10-2020,22:12,Links
T138,Sample tweet text number 138 with some random content.,3352,7,103,21,69,148,171,364,783,42,07-03-2020,04:17,Media
T139,Sample tweet text number 139 with some random content.,2287,121,170,89,45,163,120,853,1710,34,17-08-2020,10:12,Links
T140,Sample tweet text number 140 with some random content.,1356,347,132,81,107,139,138,820,464,77,12-07-2020,09:30,Hashtags
T141,Sample tweet text number 141 with some random content.,4079,163,292,49,122,90,193,378,103,57,16-02-2020,13:56,Links
T142,Sample tweet text number 142 with some random content.,2725,89,126,13,170,1,174,342,1627,32,13-09-2020,08:31,Links
T143,Sample tweet text number 143 with some random content.,1332,135,105,63,20,117,107,946,697,13,15-02-2020,04:28,Links
T144,Sample tweet text number 144 with some random content.,759,185,91,46,150,12,107,898,1995,33,30-06-2020,22:28,Hashtags
T145,Sample tweet text number 145 with some random content.,4794,315,286,28,106,180,130,553,1818,60,09-08-2020,19:24,Media
T146,Sample tweet text number 146 with some random content.,4463,177,50,75,79,159,75,353,1525,3,08-02-2020,20:12,Hashtags
T147,Sample tweet text number 147 with some random content.,3798,27,28,35,46,94,29,415,1716,87,31-05-2020,14:48,Media
T148,Sample tweet text number 148 with some random content.,4829,219,295,98,116,143,20,108,1705,58,29-09-2020,03:48,Media
T149,Sample tweet text number 149 with some random content.,713,356,296,51,123,31,155,562,1722,28,08-02-2020,20:16,Media
T150,Sample tweet text number 150 with some random content.,2048,40,213,75,142,31,189,761,174,82,21-02-2020,12:31,Links
T151,Sample tweet text number 151 with some random content.,3495,227,266,6,24,123,160,496,1757,5,12-11-2020,10:58,Links
T152,Sample tweet text number 152 with some random content.,3793,191,256,28,35,10,162,340,744,96,15-11-2020,11:28,Media
T153,Sample tweet text number 153 with some random content.,1545,410,100,10,50,9,179,941,1697,48,07-01-2020,08:37,Media
T154,Sample tweet text number 154 with some random content.,3354,446,109,32,14,14,33,382,1444,39,18-04-2020,20:34,Links
T155,Sample tweet text number 155 with some random content.,3813,144,181,5,67,16,40,532,1157,82,29-08-2020,23:17,Hashtags
T156,Sample tweet text number 156 with some random content.,1903,200,0,78,20,167,50,299,1414,64,13-10-2020,00:18,Media
T157,Sample tweet text number 157 with some random content.,4709,416,54,31,140,145,174,138,1759,68,18-01-2020,08:42,Hashtags
T158,Sample tweet text number 158 with some random content.,1341,211,148,50,18,182,81,358,1524,26,17-10-2020,00:04,Links
T159,Sample tweet text number 159 with some random content.,3631,460,136,74,33,152,57,835,664,79,21-09-2020,02:43,Media
T160,Sample tweet text number 160 with some random content.,3507,219,201,57,77,58,74,498,32,5,08-01-2020,16:08,Hashtags
T161,Sample tweet text number 161 with some random content.,1686,239,116,86,124,77,184,384,54,12,29-04-2020,03:03,Hashtags
T162,Sample tweet text number 162 with some random content.,3746,412,153,25,195,123,22,603,1977,63,29-10-2020,20:51,Hashtags
T163,Sample tweet text number 163 with some random content.,3049,396,290,97,116,113,175,958,518,61,01-11-2020,08:25,Links
T164,Sample tweet text number 164 with some random content.,3202,45,62,45,51,21,127,279,755,98,09-11-2020,00:03,Links
T165,Sample tweet text number 165 with some random content.,748,34,243,97,26,157,149,636,1848,18,31-01-2020,03:51,Hashtags
T166,Sample tweet text number 166 with some random content.,2210,252,24,28,156,171,16,482,1661,75,17-08-2020,06:09,Hashtags
T167,Sample tweet text number 167 with some random content.,4147,389,89,3,155,31,68,908,11,79,08-08-2020,10:49,Links
T168,Sample tweet text number 168 with some random content.,4787,81,74,80,34,178,107,110,1551,42,07-07-2020,15:23,Hashtags
T169,Sample tweet text number 169 with some random content.,904,370,293,98,135,173,138,865,719,73,30-01-2020,17:56,Hashtags
T170,Sample tweet text number 170 with some random content.,3524,255,209,12,143,112,93,138,554,88,15-08-2020,21:06,Links
T171,Sample tweet text number 171 with some random content.,1757,196,16,38,105,119,14,995,372,19,15-09-2020,09:32,Hashtags
T172,Sample tweet text number 172 with some random content.,2827,302,127,14,163,148,90,434,483,94,01-01-2020,14:58,Hashtags
T173,Sample tweet text number 173 with some random content.,1783,408,250,28,157,121,162,508,972,67,23-11-2020,00:06,Hashtags
T174,Sample tweet text number 174 with some random content.,4981,449,178,28,145,31,32,272,1670,43,18-10-2020,07:02,Links
T175,Sample tweet text number 175 with some random content.,3560,9,181,74,1,118,124,98,1251,22,24-04-2020,09:26,Hashtags
T176,Sample tweet text number 176 with some random content.,252,311,151,31,176,38,15,763,622,1,25-01-2020,18:52,Links
T177,Sample tweet text number 177 with some random content.,3305,285,24,1,76,11,161,849,306,21,03-12-2020,21:26,Links
T178,Sample tweet text number 178 with some random content.,4268,241,179,46,131,174,65,103,456,56,18-01-2020,01:56,Media
T179,Sample tweet text number 179 with some random content.,4546,250,197,77,89,17,167,213,159,71,21-02-2020,23:47,Media
T180,Sample tweet text number 180 with some random content.,816,364,160,83,88,148,155,760,330,6,25-08-2020,02:00,Hashtags
T181,Sample tweet text number 181 with some random content.,4439,4,176,21,93,140,46,663,775,77,14-02-2020,08:00,Links
T182,Sample tweet text number 182 with some random content.,2377,118,284,74,6,148,166,761,224,55,17-07-2020,01:57,Media
T183,Sample tweet text number 183 with some random content.,2981,288,62,26,94,125,197,786,982,66,02-01-2020,02:43,Hashtags
T184,Sample tweet text number 184 with some random content.,247,373,149,66,107,135,147,164,728,15,11-06-2020,13:05,Media
T185,Sample tweet text number 185 with some random content.,1980,64,153,80,73,45,123,998,1527,82,21-01-2020,04:31,Media
T186,Sample tweet text number 186 with some random content.,3632,145,155,55,38,103,0,852,1479,50,23-02-2020,00:33,Links
T187,Sample tweet text number 187 with some random content.,658,223,48,91,140,134,199,519,1068,81,22-06-2020,23:10,Links
T188,Sample tweet text number 188 with some random content.,3322,238,83,92,158,150,86,283,1237,79,11-05-2020,16:36,Media
T189,Sample tweet text number 189 with some random content.,1197,176,176,20,70,85,127,516,1082,71,30-09-2020,12:45,Media
T190,Sample tweet text number 190 with some random content.,4332,266,147,46,190,149,190,656,643,96,03-05-2020,09:13,Links
T191,Sample tweet text number 191 with some random content.,3447,340,117,79,55,88,66,612,615,11,16-11-2020,20:52,Hashtags
T192,Sample tweet text number 192 with some random content.,2561,281,62,58,169,21,3,163,194,52,14-02-2020,08:56,Links
T193,Sample tweet text number 193 with some random content.,1844,62,188,83,188,91,185,885,1948,74,01-01-2020,05:54,Media
T194,Sample tweet text number 194 with some random content.,709,216,48,5,41,28,152,658,488,4,03-09-2020,15:38,Hashtags
T195,Sample tweet text number 195 with some random content.,2861,341,256,18,183,12,46,63,156,26,12-07-2020,12:38,Media
T196,Sample tweet text number 196 with some random content.,1419,314,223,56,35,1,37,90,609,11,21-05-2020,19:04,Hashtags
T197,Sample tweet text number 197 with some random content.,2036,282,140,68,83,28,142,116,1249,16,28-09-2020,18:27,Media
T198,Sample tweet text number 198 with some random content.,196,176,214,2,195,179,190,865,411,5,08-02-2020,08:44,Hashtags
T199,Sample tweet text number 199 with some random content.,3269,460,210,0,117,26,20,266,1228,96,08-04-2020,02:08,Hashtags
T200,Sample tweet text number 200 with some random content.,2961,416,31,57,6,49,56,821,1102,4,16-01-2020,14:03,Media
T201,Sample tweet text number 201 with some random content.,1784,97,157,37,53,94,116,684,1147,56,18-09-2020,05:15,Hashtags
T202,Sample tweet text number 202 with some random content.,1893,104,284,14,128,150,180,558,470,27,11-04-2020,12:06,Links
T203,Sample tweet text number 203 with some random content.,538,98,285,33,171,87,45,139,1963,77,22-06-2020,18:29,Media
T204,Sample tweet text number 204 with some random content.,3026,384,143,60,119,43,141,245,1241,68,10-03-2020,09:13,Links
T205,Sample tweet text number 205 with some random content.,2009,404,18,34,172,21,144,660,515,58,16-04-2020,05:00,Media
T206,Sample tweet text number 206 with some random content.,2435,495,17,63,105,170,38,757,1625,32,06-06-2020,00:06,Hashtags
T207,Sample tweet text number 207 with some random content.,2969,310,256,24,46,164,136,394,1127,61,11-06-2020,07:54,Hashtags
T208,Sample tweet text number 208 with some random content.,4786,5,77,23,122,188,98,486,392,49,08-03-2020,04:13,Hashtags
T209,Sample tweet text number 209 with some random content.,1852,475,174,11,140,96,76,475,630,18,14-07-2020,23:09,Media
T210,Sample tweet text number 210 with some random content.,4111,464,193,17,118,183,114,516,1668,85,28-02-2020,13:46,Links
T211,Sample tweet text number 211 with some random content.,3419,196,112,14,149,2,133,976,1847,68,02-12-2020,11:43,Links
T212,Sample tweet text number 212 with some random content.,312,350,113,79,117,190,150,183,607,65,19-02-2020,05:17,Media
T213,Sample tweet text number 213 with some random content.,673,132,221,26,20,117,186,19,979,93,10-04-2020,20:24,Media
T214,Sample tweet text number 214 with some random content.,1066,357,165,71,136,18,90,936,433,46,13-11-2020,10:30,Links
T215,Sample tweet text number 215 with some random content.,3693,258,131,59,25,22,97,557,1354,38,31-03-2020,09:54,Links
T216,Sample tweet text number 216 with some random content.,2099,436,263,45,8,156,119,523,1166,67,29-03-2020,15:44,Links
T217,Sample tweet text number 217 with some random content.,3773,22,54,88,14,29,45,581,1823,32,03-12-2020,13:31,Links
T218,Sample tweet text number 218 with some random content.,4598,484,130,16,9,38,37,528,539,12,08-06-2020,16:33,Media
T219,Sample tweet text number 219 with some random content.,3158,52,287,92,121,107,141,882,277,83,11-01-2020,08:30,Media
T220,Sample tweet text number 220 with some random content.,4140,164,265,52,120,110,99,146,232,53,22-05-2020,22:13,Hashtags
T221,Sample tweet text number 221 with some random content.,2106,201,161,7,124,24,71,665,1552,6,14-02-2020,12:39,Links
T222,Sample tweet text number 222 with some random content.,3220,457,86,78,169,127,189,303,1594,78,06-07-2020,19:10,Hashtags
T223,Sample tweet text number 223 with some random content.,1732,82,54,26,71,110,34,619,1113,86,19-11-2020,09:16,Media
T224,Sample tweet text number 224 with some random content.,2305,144,287,45,151,135,146,747,1515,13,12-01-2020,02:05,Media
T225,Sample tweet text number 225 with some random content.,1204,84,177,49,48,105,29,819,1222,86,09-02-2020,04:34,Hashtags
T226,Sample tweet text number 226 with some random content.,4549,77,7,70,153,185,77,863,361,18,27-05-2020,09:21,Links
T227,Sample tweet text number 227 with some random content.,3241,456,246,2,90,143,83,581,1464,53,16-11-2020,13:48,Links
T228,Sample tweet text number 228 with some random content.,1746,365,254,92,36,71,112,694,25,92,11-12-2020,05:47,Links
T229,Sample tweet text number 229 with some random content.,4041,0,53,63,67,128,24,761,1048,19,04-09-2020,17:25,Links
T230,Sample tweet text number 230 with some random content.,4773,50,248,43,49,107,167,227,1417,28,01-03-2020,17:40,Hashtags
T231,Sample tweet text number 231 with some random content.,4732,172,238,52,151,4,87,101,506,23,22-03-2020,07:39,Hashtags
T232,Sample tweet text number 232 with some random content.,1698,204,228,23,18,2,13,586,1324,81,05-09-2020,10:46,Media
T233,Sample tweet text number 233 with some random content.,1495,259,66,59,99,192,153,416,1362,62,16-07-2020,15:01,Links
T234,Sample tweet text number 234 with some random content.,4249,445,50,2,59,131,101,957,266,73,17-08-2020,22:27,Links
T235,Sample tweet text number 235 with some random content.,3973,448,96,19,166,103,149,215,460,56,07-07-2020,12:02,Links
T236,Sample tweet text number 236 with some random content.,303,368,91,45,88,63,175,406,1716,7,09-02-2020,23:17,Hashtags
T237,Sample tweet text number 237 with some random content.,3233,487,263,14,145,105,82,398,455,89,04-12-2020,01:22,Links
T238,Sample tweet text number 238 with some random content.,2607,287,290,24,146,97,109,922,1383,61,22-06-2020,03:54,Hashtags
T239,Sample tweet text number 239 with some random content.,148,33,95,93,163,9,178,714,1091,28,09-12-2020,04:33,Links
T240,Sample tweet text number 240 with some random content.,2250,347,87,77,182,148,130,703,1006,73,07-02-2020,02:16,Links
T241,Sample tweet text number 241 with some random content.,3011,94,77,70,68,127,169,760,862,16,24-02-2020,12:20,Media
T242,Sample tweet text number 242 with some random content.,4483,71,287,16,174,45,18,498,1435,65,28-08-2020,13:45,Links
T243,Sample tweet text number 243 with some random content.,3827,38,119,83,48,154,27,753,1994,5,22-04-2020,00:15,Links
T244,Sample tweet text number 244 with some random content.,2919,153,164,99,107,65,172,464,490,57,18-04-2020,10:08,Media
T245,Sample tweet text number 245 with some random content.,3284,249,181,8,160,168,70,690,1856,68,14-01-2020,06:36,Hashtags
T246,Sample tweet text number 246 with some random content.,3841,161,222,37,118,111,62,948,1072,27,17-11-2020,07:46,Hashtags
T247,Sample tweet text number 247 with some random content.,1006,437,6,47,148,12,72,973,1710,61,04-05-2020,14:53,Links
T248,Sample tweet text number 248 with some random content.,4117,117,262,59,149,136,123,730,563,40,02-10-2020,20:30,Hashtags
T249,Sample tweet text number 249 with some random content.,210,258,160,62,175,163,118,81,1125,68,09-01-2020,07:47,Links
T250,Sample tweet text number 250 with some random content.,4543,378,150,85,36,85,120,603,215,81,19-02-2020,03:07,Media
T251,Sample tweet text number 251 with some random content.,1350,305,84,1,142,89,18,946,1461,89,18-02-2020,08:44,Media
T252,Sample tweet text number 252 with some random content.,4961,267,146,87,162,57,174,686,1723,83,26-08-2020,07:34,Links
T253,Sample tweet text number 253 with some random content.,4037,448,111,71,198,53,141,750,1592,40,31-03-2020,06:24,Media
T254,Sample tweet text number 254 with some random content.,1577,53,35,10,159,11,119,771,558,48,05-02-2020,03:58,Media
T255,Sample tweet text number 255 with some random content.,1268,235,284,63,10,13,165,902,158,90,05-02-2020,01:42,Links
T256,Sample tweet text number 256 with some random content.,4546,388,187,76,137,120,180,364,488,48,14-12-2020,17:18,Links
T257,Sample tweet text number 257 with some random content.,4785,477,81,80,77,161,60,162,685,75,08-07-2020,15:31,Media
T258,Sample tweet text number 258 with some random content.,3154,221,1,71,76,180,163,47,1265,70,26-12-2020,11:07,Hashtags
T259,Sample tweet text number 259 with some random content.,2785,250,196,20,184,120,167,510,793,2,15-10-2020,17:33,Hashtags
T260,Sample tweet text number 260 with some random content.,4605,312,10,17,152,19,29,328,1776,9,24-01-2020,23:05,Links
T261,Sample tweet text number 261 with some random content.,1004,400,233,93,1,74,8,839,1905,97,16-07-2020,13:51,Links
T262,Sample tweet text number 262 with some random content.,4615,111,194,63,63,143,63,115,4,88,08-09-2020,21:24,Hashtags
T263,Sample tweet text number 263 with some random content.,3496,254,118,81,34,69,160,940,1619,34,20-08-2020,19:27,Media
T264,Sample tweet text number 264 with some random content.,1095,302,19,94,6,55,119,848,1843,79,09-05-2020,02:56,Hashtags
T265,Sample tweet text number 265 with some random content.,1743,406,260,37,84,100,51,336,360,1,18-04-2020,12:35,Hashtags
T266,Sample tweet text number 266 with some random content.,3486,206,292,31,145,185,88,880,458,23,04-03-2020,15:58,Hashtags
T267,Sample tweet text number 267 with some random content.,612,228,255,10,66,131,141,736,247,73,27-01-2020,13:35,Hashtags
T268,Sample tweet text number 268 with some random content.,2535,340,221,44,41,110,52,863,1589,37,23-01-2020,09:31,Links
T269,Sample tweet text number 269 with some random content.,3404,397,225,88,117,124,186,839,1696,21,28-07-2020,23:36,Links
T270,Sample tweet text number 270 with some random content.,275,65,52,32,124,131,77,146,945,25,11-12-2020,05:31,Media
T271,Sample tweet text number 271 with some random content.,4943,74,279,40,166,19,40,574,421,42,16-05-2020,11:01,Media
T272,Sample tweet text number 272 with some random content.,1009,434,80,7,168,137,195,805,1946,54,17-12-2020,15:27,Media
T273,Sample tweet text number 273 with some random content.,4598,102,201,10,23,23,67,322,1761,38,22-05-2020,17:06,Media
T274,Sample tweet text number 274 with some random content.,3117,421,157,85,187,153,7,442,14,90,17-05-2020,02:46,Hashtags
T275,Sample tweet text number 275 with some random content.,865,191,119,50,45,36,1,836,735,28,06-07-2020,17:54,Links
T276,Sample tweet text number 276 with some random content.,4804,251,58,87,18,53,104,12,1596,19,21-06-2020,00:41,Links
T277,Sample tweet text number 277 with some random content.,4692,225,214,40,67,102,124,942,1145,90,22-05-2020,19:38,Media
T278,Sample tweet text number 278 with some random content.,3170,293,127,16,101,148,109,493,276,40,22-12-2020,15:32,Media
T279,Sample tweet text number 279 with some random content.,66,305,223,75,41,37,85,700,1581,53,06-02-2020,15:12,Hashtags
T280,Sample tweet text number 280 with some random content.,1293,97,208,45,31,173,168,286,452,19,03-11-2020,04:08,Hashtags
T281,Sample tweet text number 281 with some random content.,2255,337,114,31,166,3,119,719,1413,18,03-12-2020,05:06,Media
T282,Sample tweet text number 282 with some random content.,2574,285,208,78,108,187,126,113,1317,83,14-09-2020,12:46,Links
T283,Sample tweet text number 283 with some random content.,1119,334,13,79,35,56,182,479,1597,98,13-11-2020,23:16,Links
T284,Sample tweet text number 284 with some random content.,3494,346,8,53,96,172,15,21,597,65,19-11-2020,17:08,Links
T285,Sample tweet text number 285 with some random content.,2615,434,39,85,163,19,61,348,445,29,03-09-2020,08:10,Media
T286,Sample tweet text number 286 with some random content.,1110,446,236,91,130,16,112,725,209,52,10-08-2020,11:28,Links
T287,Sample tweet text number 287 with some random content.,2377,481,280,19,72,118,175,682,1613,33,22-12-2020,12:15,Hashtags
T288,Sample tweet text number 288 with some random content.,3470,307,200,32,135,70,157,834,713,21,11-08-2020,07:24,Hashtags
T289,Sample tweet text number 289 with some random content.,351,248,245,73,96,3,11,565,301,66,01-02-2020,09:55,Media
T290,Sample tweet text number 290 with some random content.,4326,165,277,39,122,13,34,905,1932,5,16-09-2020,12:19,Hashtags
T291,Sample tweet text number 291 with some random content.,656,480,234,31,69,2,10,809,1246,78,05-04-2020,13:35,Media
T292,Sample tweet text number 292 with some random content.,3220,471,3,96,168,79,63,319,1757,26,11-05-2020,12:58,Links
T293,Sample tweet text number 293 with some random content.,749,334,153,1,195,185,49,125,2,9,18-06-2020,04:30,Links
T294,Sample tweet text number 294 with some random content.,1189,29,28,96,12,54,148,276,989,72,22-04-2020,08:18,Links
T295,Sample tweet text number 295 with some random content.,240,246,108,32,48,131,68,975,1541,96,01-12-2020,03:21,Hashtags
T296,Sample tweet text number 296 with some random content.,2350,105,97,76,59,119,47,203,1116,95,08-10-2020,02:43,Media
T297,Sample tweet text number 297 with some random content.,1030,50,214,29,129,23,19,193,519,47,23-06-2020,16:45,Links
T298,Sample tweet text number 298 with some random content.,3025,80,292,32,187,161,100,680,1451,69,21-12-2020,15:43,Media
T299,Sample tweet text number 299 with some random content.,1234,132,74,76,4,157,194,663,492,58,06-09-2020,21:39,Links
T300,Sample tweet text number 300 with some random content.,3377,284,145,25,171,81,171,546,1258,99,03-07-2020,21:45,Hashtags
T301,Sample tweet text number 301 with some random content.,3444,387,127,21,26,146,160,695,619,58,28-10-2020,08:58,Hashtags
T302,Sample tweet text number 302 with some random content.,177,137,41,65,159,158,188,285,1184,1,14-10-2020,03:14,Media
T303,Sample tweet text number 303 with some random content.,2115,183,40,37,148,187,136,56,1744,28,17-12-2020,22:26,Hashtags
T304,Sample tweet text number 304 with some random content.,1866,400,33,89,7,59,67,733,1775,67,06-09-2020,07:27,Hashtags
T305,Sample tweet text number 305 with some random content.,619,329,16,45,199,146,34,302,330,64,19-06-2020,22:28,Media
T306,Sample tweet text number 306 with some random content.,1945,272,164,14,49,48,64,162,332,82,13-06-2020,05:29,Links
T307,Sample tweet text number 307 with some random content.,2783,339,152,97,66,62,7,18,49,25,21-12-2020,10:14,Hashtags
T308,Sample tweet text number 308 with some random content.,3913,471,75,43,43,109,44,369,1546,88,01-01-2020,12:25,Media
T309,Sample tweet text number 309 with some random content.,4771,68,86,48,124,149,86,263,862,9,25-12-2020,11:20,Hashtags
T310,Sample tweet text number 310 with some random content.,4064,33,116,74,57,151,174,793,1691,52,30-05-2020,16:36,Hashtags
T311,Sample tweet text number 311 with some random content.,2951,261,26,60,2,108,167,112,1515,78,05-12-2020,12:38,Hashtags
T312,Sample tweet text number 312 with some random content.,1736,52,286,66,85,75,75,487,1605,58,25-10-2020,16:48,Hashtags
T313,Sample tweet text number 313 with some random content.,3059,449,133,5,69,29,181,326,1704,21,15-07-2020,01:52,Media
T314,Sample tweet text number 314 with some random content.,204,204,218,8,129,57,75,541,271,50,31-07-2020,23:24,Media
T315,Sample tweet text number 315 with some random content.,2587,125,167,5,171,116,173,646,579,47,26-03-2020,03:23,Media
T316,Sample tweet text number 316 with some random content.,1459,234,97,72,1,158,46,578,1890,20,02-10-2020,18:08,Hashtags
T317,Sample tweet text number 317 with some random content.,4107,42,267,94,101,99,14,64,1275,21,12-09-2020,00:35,Hashtags
T318,Sample tweet text number 318 with some random content.,834,239,236,31,34,191,104,291,559,99,15-03-2020,18:40,Hashtags
T319,Sample tweet text number 319 with some random content.,3225,458,172,40,97,18,146,24,695,97,18-03-2020,02:10,Media
T320,Sample tweet text number 320 with some random content.,4391,370,189,75,29,175,25,548,1855,29,15-07-2020,04:15,Hashtags
T321,Sample tweet text number 321 with some random content.,2856,110,121,7,115,172,51,0,1722,24,25-04-2020,01:08,Links
T322,Sample tweet text number 322 with some random content.,587,248,45,71,7,93,92,910,1113,27,10-04-2020,13:22,Hashtags
T323,Sample tweet text number 323 with some random content.,1891,150,63,49,149,182,149,548,445,64,29-03-2020,13:17,Links
T324,Sample tweet text number 324 with some random content.,2505,182,129,91,43,112,20,140,1016,44,05-10-2020,22:33,Hashtags
T325,Sample tweet text number 325 with some random content.,574,335,192,61,185,182,50,743,1355,67,21-03-2020,13:14,Media
T326,Sample tweet text number 326 with some random content.,3000,94,180,83,35,145,37,647,1162,6,13-05-2020,10:25,Hashtags
T327,Sample tweet text number 327 with some random content.,4181,458,291,61,196,62,19,900,356,48,24-06-2020,02:03,Links
T328,Sample tweet text number 328 with some random content.,4830,373,281,6,76,115,156,187,1624,8,06-04-2020,19:03,Links
T329,Sample tweet text number 329 with some random content.,4165,399,28,74,30,112,178,127,273,35,12-07-2020,17:15,Hashtags
T330,Sample tweet text number 330 with some random content.,2418,7,148,83,46,46,131,200,1042,82,20-05-2020,07:09,Links
T331,Sample tweet text number 331 with some random content.,3897,387,266,79,54,56,54,126,310,0,10-11-2020,18:49,Links
T332,Sample tweet text number 332 with some random content.,4545,359,295,3,105,117,198,256,869,9,02-12-2020,15:27,Media
T333,Sample tweet text number 333 with some random content.,2751,387,10,5,189,44,91,675,885,35,04-05-2020,03:06,Hashtags
T334,Sample tweet text number 334 with some random content.,1021,183,163,57,157,160,27,546,153,72,12-09-2020,21:56,Hashtags
T335,Sample tweet text number 335 with some random content.,1216,280,112,21,120,144,3,193,1413,45,23-03-2020,22:09,Hashtags
T336,Sample tweet text number 336 with some random content.,4979,194,186,25,54,197,149,702,1283,31,13-04-2020,03:29,Links
T337,Sample tweet text number 337 with some random content.,2824,351,294,2,143,3,75,103,619,31,14-12-2020,02:53,Hashtags
T338,Sample tweet text number 338 with some random content.,2032,194,231,40,11,147,172,534,882,5,17-11-2020,08:43,Hashtags
T339,Sample tweet text number 339 with some random content.,903,154,226,59,144,46,66,264,796,47,11-01-2020,03:17,Media
T340,Sample tweet text number 340 with some random content.,4196,92,97,13,143,142,85,801,1594,37,04-01-2020,00:47,Media
T341,Sample tweet text number 341 with some random content.,3786,159,54,74,139,197,193,941,124,16,03-02-2020,15:43,Media
T342,Sample tweet text number 342 with some random content.,3819,433,110,81,135,46,161,973,1377,73,02-05-2020,12:03,Links
T343,Sample tweet text number 343 with some random content.,624,60,151,11,2,77,90,383,1296,26,14-07-2020,16:23,Hashtags
T344,Sample tweet text number 344 with some random content.,3311,121,245,86,143,123,182,259,618,53,24-04-2020,23:57,Media
T345,Sample tweet text number 345 with some random content.,1198,50,68,11,29,74,104,413,1834,49,10-05-2020,09:47,Media
T346,Sample tweet text number 346 with some random content.,1765,402,288,12,22,102,0,990,244,34,21-10-2020,18:44,Media
T347,Sample tweet text number 347 with some random content.,4827,276,249,24,91,136,71,357,847,84,16-09-2020,11:12,Hashtags
T348,Sample tweet text number 348 with some random content.,4983,4,35,44,114,89,86,74,449,24,01-07-2020,17:57,Hashtags
T349,Sample tweet text number 349 with some random content.,3904,465,238,18,103,143,165,354,929,27,17-08-2020,14:56,Hashtags
T350,Sample tweet text number 350 with some random content.,2541,91,147,54,117,68,5,583,1270,14,25-09-2020,23:29,Links
T351,Sample tweet text number 351 with some random content.,2710,169,226,99,4,60,152,770,519,3,24-03-2020,18:14,Links
T352,Sample tweet text number 352 with some random content.,3174,316,243,44,103,137,144,909,1164,92,30-04-2020,10:52,Media
T353,Sample tweet text number 353 with some random content.,3101,21,200,7,107,49,60,187,361,72,08-11-2020,05:13,Hashtags
T354,Sample tweet text number 354 with some random content.,54,404,153,92,64,2,11,972,7,26,10-06-2020,21:51,Media
T355,Sample tweet text number 355 with some random content.,4919,325,72,52,120,106,5,684,477,25,12-03-2020,09:29,Hashtags
T356,Sample tweet text number 356 with some random content.,926,0,200,54,29,112,26,991,1375,18,04-08-2020,15:36,Hashtags
T357,Sample tweet text number 357 with some random content.,1041,132,295,31,148,93,135,289,494,91,17-07-2020,13:57,Hashtags
T358,Sample tweet text number 358 with some random content.,4192,232,16,50,83,117,123,44,1629,16,17-02-2020,18:57,Links
T359,Sample tweet text number 359 with some random content.,4414,11,128,43,197,197,105,572,832,42,24-11-2020,01:39,Links
T360,Sample tweet text number 360 with some random content.,4515,345,216,81,149,80,192,82,1450,40,12-04-2020,01:46,Hashtags
T361,Sample tweet text number 361 with some random content.,685,45,60,69,199,108,184,122,1062,41,03-10-2020,00:25,Media
T362,Sample tweet text number 362 with some random content.,1743,33,103,17,31,50,92,357,592,49,14-05-2020,03:08,Hashtags
T363,Sample tweet text number 363 with some random content.,1732,432,41,82,160,146,108,527,186,83,03-11-2020,21:50,Hashtags
T364,Sample tweet text number 364 with some random content.,4802,77,24,21,15,169,98,65,1619,39,01-04-2020,15:15,Media
T365,Sample tweet text number 365 with some random content.,169,217,38,36,37,34,167,935,1623,38,18-09-2020,14:41,Hashtags
T366,Sample tweet text number 366 with some random content.,880,300,290,95,141,45,141,656,753,22,25-05-2020,06:46,Media
T367,Sample tweet text number 367 with some random content.,3725,410,130,55,35,153,34,374,1877,95,20-01-2020,07:38,Links
T368,Sample tweet text number 368 with some random content.,1419,72,228,58,150,68,175,161,92,51,07-06-2020,17:21,Links
T369,Sample tweet text number 369 with some random content.,790,281,107,2,113,92,83,745,85,46,28-02-2020,18:32,Media
T370,Sample tweet text number 370 with some random content.,166,248,171,27,65,63,55,379,1067,62,13-05-2020,14:48,Links
T371,Sample tweet text number 371 with some random content.,2888,46,101,73,104,164,176,655,136,96,17-07-2020,06:26,Links
T372,Sample tweet text number 372 with some random content.,1200,120,11,34,84,48,140,357,420,68,14-10-2020,11:41,Media
T373,Sample tweet text number 373 with some random content.,1981,213,274,60,1,148,188,187,73,42,29-06-2020,10:38,Links
T374,Sample tweet text number 374 with some random content.,1062,238,100,92,192,73,48,321,1571,47,29-10-2020,14:07,Hashtags
T375,Sample tweet text number 375 with some random content.,1714,55,43,53,74,191,45,449,1636,33,27-04-2020,03:49,Hashtags
T376,Sample tweet text number 376 with some random content.,1131,349,16,62,66,4,112,473,1535,39,21-12-2020,09:26,Media
T377,Sample tweet text number 377 with some random content.,4779,106,56,78,179,99,189,12,1179,74,06-01-2020,22:48,Links
T378,Sample tweet text number 378 with some random content.,562,318,11,96,189,69,135,183,1961,60,03-02-2020,17:40,Hashtags
T379,Sample tweet text number 379 with some random content.,2899,47,79,6,150,89,42,110,1278,49,23-11-2020,00:15,Hashtags
T380,Sample tweet text number 380 with some random content.,609,60,215,75,153,3,147,926,170,66,13-03-2020,21:14,Links
T381,Sample tweet text number 381 with some random content.,3722,336,263,48,195,125,123,507,1751,61,14-04-2020,04:24,Links
T382,Sample tweet text number 382 with some random content.,4633,25,148,93,54,38,96,289,169,57,20-01-2020,00:02,Hashtags
T383,Sample tweet text number 383 with some random content.,3393,291,80,84,5,162,89,294,1787,32,06-03-2020,10:37,Hashtags
T384,Sample tweet text number 384 with some random content.,4120,256,214,30,162,128,38,450,871,74,23-03-2020,10:56,Media
T385,Sample tweet text number 385 with some random content.,4849,7,197,57,149,23,84,903,321,15,28-12-2020,08:32,Media
T386,Sample tweet text number 386 with some random content.,1520,112,199,60,170,56,176,214,1590,81,26-10-2020,14:28,Hashtags
T387,Sample tweet text number 387 with some random content.,630,354,24,23,142,99,191,973,455,93,06-05-2020,05:43,Media
T388,Sample tweet text number 388 with some random content.,2344,252,88,19,85,69,61,631,943,47,25-01-2020,04:44,Hashtags
T389,Sample tweet text number 389 with some random content.,3197,179,267,36,59,40,105,893,1626,9,23-01-2020,23:06,Hashtags
T390,Sample tweet text number 390 with some random content.,4299,206,142,3,100,181,106,566,789,81,16-06-2020,03:36,Media
T391,Sample tweet text number 391 with some random content.,1729,302,58,91,11,173,53,26,612,37,29-10-2020,15:06,Media
T392,Sample tweet text number 392 with some random content.,3556,126,25,19,48,59,125,629,1178,18,03-07-2020,04:06,Links
T393,Sample tweet text number 393 with some random content.,2794,55,46,59,41,107,8,732,888,35,20-03-2020,03:08,Links
T394,Sample tweet text number 394 with some random content.,3406,213,287,23,165,187,87,230,348,58,30-12-2020,20:51,Links
T395,Sample tweet text number 395 with some random content.,4095,13,265,49,81,56,36,564,1474,62,07-02-2020,23:15,Hashtags
T396,Sample tweet text number 396 with some random content.,1293,473,15,48,172,30,48,806,1899,76,25-12-2020,20:08,Media
T397,Sample tweet text number 397 with some random content.,3168,27,198,50,34,83,40,320,1676,45,16-09-2020,16:20,Hashtags
T398,Sample tweet text number 398 with some random content.,2191,470,281,95,157,151,16,912,1196,2,01-03-2020,10:07,Media
T399,Sample tweet text number 399 with some random content.,3109,77,85,35,157,35,87,232,9,73,08-06-2020,21:24,Hashtags
T400,Sample tweet text number 400 with some random content.,4598,215,249,97,133,157,20,669,739,64,12-09-2020,10:49,Links
T401,Sample tweet text number 401 with some random content.,3009,385,269,99,66,151,50,436,1288,90,11-12-2020,08:15,Links
T402,Sample tweet text number 402 with some random content.,2315,364,116,65,79,107,58,780,1461,7,18-08-2020,21:33,Links
T403,Sample tweet text number 403 with some random content.,2529,153,6,78,6,105,166,532,1783,50,09-09-2020,10:31,Hashtags
T404,Sample tweet text number 404 with some random content.,4696,13,136,33,179,157,182,402,1270,80,13-02-2020,09:09,Media
T405,Sample tweet text number 405 with some random content.,1685,186,175,35,13,85,40,52,666,72,13-12-2020,05:03,Media
T406,Sample tweet text number 406 with some random content.,1807,311,214,5,72,134,38,786,545,5,14-10-2020,20:58,Links
T407,Sample tweet text number 407 with some random content.,4502,370,81,38,142,162,140,312,1522,88,28-09-2020,02:20,Links
T408,Sample tweet text number 408 with some random content.,2120,6,222,41,148,182,191,280,128,38,18-09-2020,05:32,Links
T409,Sample tweet text number 409 with some random content.,2899,2,102,57,162,13,10,725,1695,59,27-04-2020,03:14,Links
T410,Sample tweet text number 410 with some random content.,3301,110,272,11,65,119,146,30,600,27,02-09-2020,09:14,Media
T411,Sample tweet text number 411 with some random content.,3780,406,13,2,90,137,138,336,604,96,23-01-2020,00:39,Hashtags
T412,Sample tweet text number 412 with some random content.,2539,237,158,17,129,79,76,182,326,53,23-10-2020,03:35,Hashtags
T413,Sample tweet text number 413 with some random content.,1681,362,151,39,162,143,126,22,1776,36,18-02-2020,05:25,Hashtags
T414,Sample tweet text number 414 with some random content.,2866,238,107,20,19,181,45,543,1858,8,10-10-2020,09:52,Hashtags
T415,Sample tweet text number 415 with some random content.,1065,492,187,14,9,105,44,445,979,81,22-04-2020,20:05,Links
T416,Sample tweet text number 416 with some random content.,1398,273,97,96,24,69,0,73,403,55,01-12-2020,22:04,Links
T417,Sample tweet text number 417 with some random content.,4661,293,130,98,193,43,167,9,628,58,12-11-2020,16:39,Links
T418,Sample tweet text number 418 with some random content.,3137,226,292,25,24,72,107,483,1629,84,20-04-2020,20:21,Hashtags
T419,Sample tweet text number 419 with some random content.,2889,370,170,7,53,44,18,455,1698,1,17-09-2020,23:23,Links
T420,Sample tweet text number 420 with some random content.,385,14,182,99,32,183,75,565,1634,60,07-07-2020,00:43,Links
T421,Sample tweet text number 421 with some random content.,4642,191,38,93,163,106,71,563,1648,57,14-10-2020,14:59,Media
T422,Sample tweet text number 422 with some random content.,945,472,14,86,94,83,199,659,1382,59,18-02-2020,06:35,Media
T423,Sample tweet text number 423 with some random content.,3596,118,3,41,13,81,188,159,1626,39,19-03-2020,13:11,Links
T424,Sample tweet text number 424 with some random content.,901,484,209,43,64,106,108,881,1881,35,04-03-2020,14:02,Media
T425,Sample tweet text number 425 with some random content.,1737,27,160,13,109,184,11,13,717,36,13-08-2020,02:38,Media
T426,Sample tweet text number 426 with some random content.,1981,201,15,77,79,20,188,177,1040,78,21-06-2020,20:48,Links
T427,Sample tweet text number 427 with some random content.,3796,38,107,1,53,195,160,411,273,91,27-01-2020,03:19,Links
T428,Sample tweet text number 428 with some random content.,2477,440,226,36,124,177,44,877,684,17,02-02-2020,22:52,Links
T429,Sample tweet text number 429 with some random content.,1618,272,169,68,179,160,89,52,115,97,05-04-2020,23:45,Links
T430,Sample tweet text number 430 with some random content.,4050,230,33,37,130,6,102,407,860,62,28-01-2020,01:25,Hashtags
T431,Sample tweet text number 431 with some random content.,2788,85,250,40,168,69,196,846,692,21,08-01-2020,01:34,Hashtags
T432,Sample tweet text number 432 with some random content.,3548,473,246,61,133,126,7,21,1114,10,09-12-2020,05:00,Links
T433,Sample tweet text number 433 with some random content.,3963,125,268,59,24,142,152,29,1105,57,21-03-2020,15:41,Media
T434,Sample tweet text number 434 with some random content.,1116,299,140,13,140,159,90,702,323,56,07-04-2020,09:08,Links
T435,Sample tweet text number 435 with some random content.,4430,24,273,88,116,147,173,259,960,76,31-03-2020,21:30,Links
T436,Sample tweet text number 436 with some random content.,2494,144,95,83,135,142,86,204,113,3,03-02-2020,09:20,Media
T437,Sample tweet text number 437 with some random content.,4157,12,226,1,148,175,157,58,1792,85,08-10-2020,06:20,Hashtags
T438,Sample tweet text number 438 with some random content.,3423,211,38,69,195,198,174,470,1081,6,09-03-2020,02:55,Links
T439,Sample tweet text number 439 with some random content.,4019,24,28,16,24,148,176,775,153,60,24-01-2020,09:48,Links
T440,Sample tweet text number 440 with some random content.,2596,67,244,88,78,169,174,465,1900,53,31-12-2020,16:53,Hashtags
T441,Sample tweet text number 441 with some random content.,803,393,235,27,67,153,83,11,1427,87,19-02-2020,22:49,Hashtags
T442,Sample tweet text number 442 with some random content.,2132,66,184,65,172,119,81,630,1651,67,28-12-2020,11:51,Media
T443,Sample tweet text number 443 with some random content.,2824,232,271,34,187,127,145,926,1878,91,15-10-2020,11:55,Hashtags
T444,Sample tweet text number 444 with some random content.,2946,108,235,4,11,141,193,973,1289,78,08-04-2020,00:50,Hashtags
T445,Sample tweet text number 445 with some random content.,4235,145,238,64,31,56,67,289,314,0,16-01-2020,00:04,Hashtags
T446,Sample tweet text number 446 with some random content.,825,110,265,39,127,164,160,849,1738,54,19-07-2020,04:14,Media
T447,Sample tweet text number 447 with some random content.,1675,227,64,75,95,57,126,759,1064,2,16-06-2020,21:48,Hashtags
T448,Sample tweet text number 448 with some random content.,3119,110,176,55,91,20,163,353,104,77,22-10-2020,19:11,Hashtags
T449,Sample tweet text number 449 with some random content.,467,469,2,35,140,81,81,638,1924,37,05-12-2020,16:44,Media
T450,Sample tweet text number 450 with some random content.,164,33,141,44,30,68,146,74,1913,0,25-07-2020,03:21,Hashtags
T451,Sample tweet text number 451 with some random content.,666,110,157,22,77,130,155,872,1216,37,19-02-2020,12:43,Hashtags
T452,Sample tweet text number 452 with some random content.,4024,263,145,46,19,86,167,715,1424,84,29-11-2020,10:53,Media
T453,Sample tweet text number 453 with some random content.,3317,423,292,30,145,164,83,560,1301,28,03-04-2020,17:20,Links
T454,Sample tweet text number 454 with some random content.,875,368,152,10,59,48,112,590,353,4,04-12-2020,16:11,Media
T455,Sample tweet text number 455 with some random content.,1566,235,192,9,190,146,75,440,1015,73,19-01-2020,12:20,Hashtags
T456,Sample tweet text number 456 with some random content.,3196,82,72,66,133,114,121,990,1772,91,22-07-2020,04:00,Hashtags
T457,Sample tweet text number 457 with some random content.,462,41,139,13,159,88,142,240,1960,20,15-01-2020,08:18,Hashtags
T458,Sample tweet text number 458 with some random content.,778,424,186,79,92,84,40,860,732,70,04-04-2020,11:55,Media
T459,Sample tweet text number 459 with some random content.,3398,100,292,73,42,127,166,153,1603,66,27-01-2020,04:52,Hashtags
T460,Sample tweet text number 460 with some random content.,2858,5,60,92,129,139,1,785,708,46,20-06-2020,18:37,Hashtags
T461,Sample tweet text number 461 with some random content.,725,179,197,9,59,188,190,95,1279,83,27-08-2020,14:17,Media
T462,Sample tweet text number 462 with some random content.,3515,281,294,75,150,168,28,725,650,82,28-06-2020,23:13,Links
T463,Sample tweet text number 463 with some random content.,2554,319,10,93,30,160,104,293,823,34,23-01-2020,14:31,Links
T464,Sample tweet text number 464 with some random content.,3017,225,61,0,4,177,193,208,946,67,16-06-2020,21:29,Hashtags
T465,Sample tweet text number 465 with some random content.,2836,442,225,4,161,116,50,342,660,68,19-08-2020,16:50,Media
T466,Sample tweet text number 466 with some random content.,1172,439,152,19,9,195,74,87,98,0,24-03-2020,04:21,Hashtags
T467,Sample tweet text number 467 with some random content.,4129,314,198,7,88,126,9,817,587,67,20-01-2020,13:30,Media
T468,Sample tweet text number 468 with some random content.,1621,364,51,42,129,70,141,775,281,11,13-10-2020,11:19,Media
T469,Sample tweet text number 469 with some random content.,2193,453,259,75,125,85,50,936,1906,59,18-01-2020,23:29,Links
T470,Sample tweet text number 470 with some random content.,1737,228,58,0,10,32,117,389,402,26,06-07-2020,03:11,Links
T471,Sample tweet text number 471 with some random content.,4182,376,71,56,177,80,120,324,1132,55,09-04-2020,16:52,Media
T472,Sample tweet text number 472 with some random content.,3901,288,147,63,158,151,38,939,699,22,20-07-2020,17:11,Hashtags
T473,Sample tweet text number 473 with some random content.,3490,436,62,83,55,60,27,888,198,24,16-09-2020,22:49,Links
T474,Sample tweet text number 474 with some random content.,3816,149,242,27,82,60,2,831,1326,20,06-02-2020,02:39,Hashtags
T475,Sample tweet text number 475 with some random content.,2376,276,106,36,136,97,83,156,326,60,22-01-2020,04:22,Links
T476,Sample tweet text number 476 with some random content.,2964,197,225,46,98,27,197,667,153,62,12-07-2020,18:41,Links
T477,Sample tweet text number 477 with some random content.,4002,69,217,75,148,185,154,650,551,51,30-05-2020,16:36,Hashtags
T478,Sample tweet text number 478 with some random content.,645,111,240,36,72,42,116,632,1668,87,25-12-2020,03:05,Links
T479,Sample tweet text number 479 with some random content.,778,3,258,48,155,168,1,576,404,24,24-04-2020,04:58,Links
T480,Sample tweet text number 480 with some random content.,1415,349,261,43,189,166,92,618,461,54,05-03-2020,17:55,Hashtags
T481,Sample tweet text number 481 with some random content.,4542,330,4,55,114,85,165,658,131,45,07-01-2020,04:00,Links
T482,Sample tweet text number 482 with some random content.,748,445,260,27,6,176,130,136,790,31,05-06-2020,13:06,Links
T483,Sample tweet text number 483 with some random content.,445,317,53,78,79,16,143,922,873,54,24-11-2020,04:14,Links
T484,Sample tweet text number 484 with some random content.,4221,349,46,5,143,97,93,673,83,95,27-02-2020,03:30,Hashtags
T485,Sample tweet text number 485 with some random content.,4410,94,214,60,96,197,39,427,1422,4,09-09-2020,21:42,Media
T486,Sample tweet text number 486 with some random content.,2552,151,176,19,3,197,1,451,753,35,06-06-2020,11:42,Hashtags
T487,Sample tweet text number 487 with some random content.,1869,310,8,77,3,97,80,611,627,48,08-06-2020,01:13,Media
T488,Sample tweet text number 488 with some random content.,767,136,98,1,102,64,168,849,1132,57,22-05-2020,18:13,Links
T489,Sample tweet text number 489 with some random content.,2832,246,19,72,39,73,11,910,220,38,18-07-2020,00:44,Media
T490,Sample tweet text number 490 with some random content.,4996,386,240,36,16,84,162,818,1927,79,17-12-2020,04:13,Hashtags
T491,Sample tweet text number 491 with some random content.,3627,242,60,19,100,4,64,140,552,96,24-11-2020,00:18,Hashtags
T492,Sample tweet text number 492 with some random content.,193,30,177,25,102,1,54,82,1391,84,11-08-2020,14:19,Links
T493,Sample tweet text number 493 with some random content.,3190,39,61,28,123,21,44,176,1170,60,02-07-2020,07:54,Media
T494,Sample tweet text number 494 with some random content.,4541,228,144,0,51,111,100,197,111,8,19-11-2020,23:33,Links
T495,Sample tweet text number 495 with some random content.,2988,35,215,34,51,56,61,623,614,5,19-05-2020,08:03,Links
T496,Sample tweet text number 496 with some random content.,3686,407,2,69,163,65,48,567,1581,34,23-11-2020,07:58,Hashtags
T497,Sample tweet text number 497 with some random content.,3272,222,159,58,123,73,126,971,923,38,03-05-2020,06:50,Media
T498,Sample tweet text number 498 with some random content.,1217,5,226,68,165,97,152,690,1517,21,06-10-2020,14:51,Media
T499,Sample tweet text number 499 with some random content.,2666,321,268,32,177,143,22,420,1528,40,16-09-2020,22:16,Media
T500,Sample tweet text number 500 with some random content.,1112,467,119,50,62,111,151,400,474,4,13-05-2020,21:33,Media
